user_id,date,electricity_kwh
1,2025-01-09,134.36
1,2025-02-01,136.66
1,2025-03-28,217.79
1,2025-04-26,299.59
1,2025-05-27,164.26
1,2025-06-21,284.92
1,2025-07-01,201.26
1,2025-08-02,187.67
1,2025-09-13,147.25
1,2025-10-19,266.03
1,2025-11-01,171.68
1,2025-12-03,158.61
2,2025-01-12,103.97
2,2025-02-18,148.29
2,2025-03-05,172.99
2,2025-04-21,103.16
2,2025-05-03,125.65
2,2025-06-11,206.59
2,2025-07-11,274.36
2,2025-08-26,168.9
2,2025-09-02,206.98
2,2025-10-04,296.14
2,2025-11-01,138.12
2,2025-12-04,80.08
3,2025-01-08,230.47
3,2025-02-05,133.68
3,2025-03-10,134.34
3,2025-04-01,171.33
3,2025-05-28,248.45
3,2025-06-04,219.67
3,2025-07-11,88.57
3,2025-08-25,104.79
3,2025-09-26,244.19
3,2025-10-16,229.9
3,2025-11-10,291.31
3,2025-12-05,249.8
4,2025-01-27,114.02
4,2025-02-13,117.85
4,2025-03-23,246.85
4,2025-04-26,165.06
4,2025-05-11,163.31
4,2025-06-04,207.83
4,2025-07-11,247.35
4,2025-08-24,271.67
4,2025-09-18,94.25
4,2025-10-26,171.03
4,2025-11-13,94.45
4,2025-12-11,142.06
5,2025-01-22,160.8
5,2025-02-21,220.4
5,2025-03-01,236.76
5,2025-04-01,137.15
5,2025-05-10,217.87
5,2025-06-27,159.82
5,2025-07-12,200.99
5,2025-08-08,146.29
5,2025-09-09,176.08
5,2025-10-27,297.33
5,2025-11-28,182.85
5,2025-12-26,104.16
6,2025-01-07,156.69
6,2025-02-24,88.41
6,2025-03-22,118.8
6,2025-04-25,278.53
6,2025-05-16,133.12
6,2025-06-20,85.41
6,2025-07-28,175.06
6,2025-08-24,253.07
6,2025-09-28,286.63
6,2025-10-28,112.18
6,2025-11-11,86.77
6,2025-12-10,277.72
7,2025-01-06,228.6
7,2025-02-20,104.38
7,2025-03-08,202.14
7,2025-04-02,175.63
7,2025-05-19,104.15
7,2025-06-14,90.04
7,2025-07-02,169.37
7,2025-08-03,93.09
7,2025-09-01,265.65
7,2025-10-05,167.76
7,2025-11-24,244.78
7,2025-12-25,245.98
8,2025-01-11,216.26
8,2025-02-19,201.57
8,2025-03-15,294.23
8,2025-04-28,120.69
8,2025-05-18,207.4
8,2025-06-22,135.38
8,2025-07-07,140.53
8,2025-08-10,168.01
8,2025-09-26,243.62
8,2025-10-05,94.61
8,2025-11-17,154.48
8,2025-12-27,292.85
9,2025-01-23,287.08
9,2025-02-14,244.79
9,2025-03-12,153.15
9,2025-04-07,263.02
9,2025-05-03,236.99
9,2025-06-15,138.03
9,2025-07-25,182.75
9,2025-08-24,196.81
9,2025-09-09,273.04
9,2025-10-07,184.31
9,2025-11-02,141.15
9,2025-12-12,270.01
10,2025-01-02,91.38
10,2025-02-13,189.64
10,2025-03-11,298.84
10,2025-04-26,185.95
10,2025-05-04,273.7
10,2025-06-19,257.95
10,2025-07-21,232.37
10,2025-08-11,151.92
10,2025-09-10,226.72
10,2025-10-10,182.61
10,2025-11-24,81.75
10,2025-12-12,122.85
11,2025-01-01,164.08
11,2025-02-18,90.04
11,2025-03-20,135.76
11,2025-04-27,227.73
11,2025-05-27,145.05
11,2025-06-14,288.23
11,2025-07-03,191.62
11,2025-08-19,164.47
11,2025-09-18,120.04
11,2025-10-21,181.87
11,2025-11-03,98.51
11,2025-12-28,97.2
12,2025-01-23,181.47
12,2025-02-27,250.44
12,2025-03-17,251.46
12,2025-04-22,122.19
12,2025-05-16,287.81
12,2025-06-11,155.26
12,2025-07-03,222.5
12,2025-08-11,285.17
12,2025-09-21,239.49
12,2025-10-11,86.62
12,2025-11-12,120.36
12,2025-12-22,175.74
13,2025-01-18,233.88
13,2025-02-19,146.35
13,2025-03-26,124.51
13,2025-04-21,151.76
13,2025-05-04,237.61
13,2025-06-03,142.25
13,2025-07-16,263.02
13,2025-08-28,234.74
13,2025-09-25,242.45
13,2025-10-27,299.82
13,2025-11-27,214.09
13,2025-12-07,294.58
14,2025-01-09,245.04
14,2025-02-14,236.7
14,2025-03-24,148.31
14,2025-04-27,120.56
14,2025-05-10,190.4
14,2025-06-07,176.96
14,2025-07-07,87.57
14,2025-08-23,155.07
14,2025-09-18,195.26
14,2025-10-23,91.57
14,2025-11-27,123.33
14,2025-12-19,160.14
15,2025-01-15,274.96
15,2025-02-08,264.81
15,2025-03-10,205.11
15,2025-04-21,243.75
15,2025-05-21,230.83
15,2025-06-05,163.97
15,2025-07-05,267.16
15,2025-08-03,226.27
15,2025-09-19,141.17
15,2025-10-15,182.45
15,2025-11-01,175.6
15,2025-12-01,123.37
16,2025-01-08,289.64
16,2025-02-17,136.94
16,2025-03-28,289.44
16,2025-04-16,134.39
16,2025-05-11,208.83
16,2025-06-02,218.34
16,2025-07-06,259.16
16,2025-08-08,122.47
16,2025-09-04,224.76
16,2025-10-03,256.92
16,2025-11-22,102.17
16,2025-12-06,170.34
17,2025-01-04,293.51
17,2025-02-16,168.94
17,2025-03-02,171.99
17,2025-04-08,97.47
17,2025-05-15,222.97
17,2025-06-10,176.19
17,2025-07-09,192.41
17,2025-08-09,174.0
17,2025-09-18,128.05
17,2025-10-28,296.64
17,2025-11-10,151.33
17,2025-12-14,285.58
18,2025-01-01,106.54
18,2025-02-21,286.85
18,2025-03-06,140.7
18,2025-04-27,204.91
18,2025-05-08,228.89
18,2025-06-25,278.32
18,2025-07-01,152.13
18,2025-08-16,253.93
18,2025-09-22,271.79
18,2025-10-07,169.12
18,2025-11-14,228.09
18,2025-12-19,256.25
19,2025-01-25,220.03
19,2025-02-12,211.19
19,2025-03-10,221.44
19,2025-04-19,159.47
19,2025-05-19,124.45
19,2025-06-18,208.97
19,2025-07-28,158.1
19,2025-08-01,193.45
19,2025-09-25,143.25
19,2025-10-01,117.11
19,2025-11-12,239.98
19,2025-12-02,221.56
20,2025-01-13,270.46
20,2025-02-08,117.87
20,2025-03-07,200.74
20,2025-04-21,237.0
20,2025-05-22,222.6
20,2025-06-28,240.61
20,2025-07-27,179.52
20,2025-08-13,90.32
20,2025-09-10,208.21
20,2025-10-25,274.9
20,2025-11-18,172.13
20,2025-12-27,95.28
21,2025-01-16,104.75
21,2025-02-18,232.48
21,2025-03-17,217.95
21,2025-04-01,230.42
21,2025-05-25,181.47
21,2025-06-01,277.65
21,2025-07-21,208.8
21,2025-08-16,92.52
21,2025-09-12,214.31
21,2025-10-02,97.24
21,2025-11-02,90.87
21,2025-12-19,216.19
22,2025-01-28,129.43
22,2025-02-10,286.77
22,2025-03-15,162.93
22,2025-04-06,152.07
22,2025-05-21,133.5
22,2025-06-01,135.53
22,2025-07-12,97.91
22,2025-08-26,128.7
22,2025-09-15,228.41
22,2025-10-26,144.97
22,2025-11-11,193.96
22,2025-12-03,211.44
23,2025-01-04,146.42
23,2025-02-14,109.86
23,2025-03-18,171.25
23,2025-04-02,190.14
23,2025-05-17,221.7
23,2025-06-15,264.08
23,2025-07-12,158.24
23,2025-08-25,121.05
23,2025-09-12,226.13
23,2025-10-21,145.91
23,2025-11-20,187.62
23,2025-12-10,233.14
24,2025-01-22,145.13
24,2025-02-13,258.04
24,2025-03-14,234.78
24,2025-04-18,107.56
24,2025-05-07,149.29
24,2025-06-27,167.8
24,2025-07-04,266.56
24,2025-08-16,118.6
24,2025-09-23,206.42
24,2025-10-14,143.89
24,2025-11-20,143.58
24,2025-12-14,246.9
25,2025-01-03,201.54
25,2025-02-20,254.05
25,2025-03-24,233.73
25,2025-04-24,84.9
25,2025-05-02,271.62
25,2025-06-20,115.25
25,2025-07-26,83.44
25,2025-08-17,138.14
25,2025-09-10,286.31
25,2025-10-15,227.14
25,2025-11-09,276.81
25,2025-12-10,253.21
26,2025-01-27,134.69
26,2025-02-22,137.47
26,2025-03-23,158.93
26,2025-04-27,210.71
26,2025-05-04,124.68
26,2025-06-06,107.46
26,2025-07-22,249.09
26,2025-08-24,217.65
26,2025-09-23,210.88
26,2025-10-28,115.53
26,2025-11-02,265.69
26,2025-12-24,174.9
27,2025-01-02,122.64
27,2025-02-04,207.07
27,2025-03-14,217.8
27,2025-04-25,200.46
27,2025-05-10,132.94
27,2025-06-02,125.13
27,2025-07-23,240.56
27,2025-08-03,168.85
27,2025-09-04,297.37
27,2025-10-04,277.27
27,2025-11-05,117.88
27,2025-12-01,116.99
28,2025-01-16,179.68
28,2025-02-21,245.33
28,2025-03-15,105.59
28,2025-04-16,167.95
28,2025-05-10,163.93
28,2025-06-28,112.53
28,2025-07-18,255.47
28,2025-08-13,197.94
28,2025-09-18,157.82
28,2025-10-08,76.84
28,2025-11-16,137.75
28,2025-12-22,252.51
29,2025-01-12,169.41
29,2025-02-28,106.23
29,2025-03-22,125.37
29,2025-04-12,137.06
29,2025-05-28,176.0
29,2025-06-16,143.99
29,2025-07-04,278.13
29,2025-08-10,116.37
29,2025-09-18,272.66
29,2025-10-04,132.79
29,2025-11-15,288.91
29,2025-12-01,169.15
30,2025-01-16,276.28
30,2025-02-03,99.49
30,2025-03-23,229.75
30,2025-04-24,212.48
30,2025-05-19,229.55
30,2025-06-17,256.43
30,2025-07-26,213.04
30,2025-08-04,178.87
30,2025-09-24,120.99
30,2025-10-01,107.65
30,2025-11-24,231.09
30,2025-12-13,156.74
31,2025-01-05,137.56
31,2025-02-01,246.89
31,2025-03-23,177.79
31,2025-04-05,280.15
31,2025-05-16,80.81
31,2025-06-12,124.38
31,2025-07-17,231.41
31,2025-08-05,187.27
31,2025-09-05,247.57
31,2025-10-02,162.12
31,2025-11-19,84.27
31,2025-12-05,120.59
32,2025-01-06,137.48
32,2025-02-16,158.81
32,2025-03-15,257.84
32,2025-04-03,289.49
32,2025-05-25,132.19
32,2025-06-01,300.8
32,2025-07-02,85.17
32,2025-08-07,193.84
32,2025-09-04,257.93
32,2025-10-04,250.52
32,2025-11-19,136.62
32,2025-12-22,220.66
33,2025-01-08,177.93
33,2025-02-21,221.6
33,2025-03-25,289.91
33,2025-04-16,194.78
33,2025-05-02,170.68
33,2025-06-14,280.22
33,2025-07-13,124.74
33,2025-08-20,150.27
33,2025-09-26,107.78
33,2025-10-14,112.89
33,2025-11-01,194.23
33,2025-12-07,237.6
34,2025-01-15,231.0
34,2025-02-04,149.14
34,2025-03-21,173.37
34,2025-04-12,255.75
34,2025-05-22,275.68
34,2025-06-18,246.33
34,2025-07-09,208.77
34,2025-08-14,256.38
34,2025-09-24,263.8
34,2025-10-04,246.07
34,2025-11-09,243.58
34,2025-12-15,257.85
35,2025-01-03,156.31
35,2025-02-25,214.85
35,2025-03-21,107.15
35,2025-04-13,83.63
35,2025-05-19,182.79
35,2025-06-18,247.4
35,2025-07-16,206.18
35,2025-08-08,221.12
35,2025-09-01,106.2
35,2025-10-16,124.68
35,2025-11-05,278.32
35,2025-12-20,241.74
36,2025-01-18,145.64
36,2025-02-11,137.74
36,2025-03-03,286.2
36,2025-04-11,230.92
36,2025-05-02,247.25
36,2025-06-25,108.02
36,2025-07-10,257.05
36,2025-08-13,204.59
36,2025-09-14,165.03
36,2025-10-07,185.28
36,2025-11-28,229.96
36,2025-12-01,214.87
37,2025-01-20,216.33
37,2025-02-14,289.66
37,2025-03-25,121.34
37,2025-04-19,81.79
37,2025-05-11,238.6
37,2025-06-24,249.04
37,2025-07-28,149.38
37,2025-08-07,251.47
37,2025-09-24,255.67
37,2025-10-10,149.6
37,2025-11-17,170.27
37,2025-12-22,196.4
38,2025-01-02,174.31
38,2025-02-19,215.82
38,2025-03-25,85.94
38,2025-04-27,241.15
38,2025-05-21,92.08
38,2025-06-07,196.94
38,2025-07-09,112.63
38,2025-08-01,234.26
38,2025-09-15,85.63
38,2025-10-26,164.43
38,2025-11-11,163.23
38,2025-12-25,263.58
39,2025-01-06,179.79
39,2025-02-01,226.9
39,2025-03-26,226.09
39,2025-04-18,221.26
39,2025-05-16,256.2
39,2025-06-20,95.77
39,2025-07-09,94.67
39,2025-08-06,129.83
39,2025-09-16,104.72
39,2025-10-25,241.24
39,2025-11-17,87.8
39,2025-12-20,135.08
40,2025-01-19,208.54
40,2025-02-02,218.79
40,2025-03-01,267.3
40,2025-04-20,90.46
40,2025-05-05,242.61
40,2025-06-26,80.45
40,2025-07-28,184.58
40,2025-08-08,135.59
40,2025-09-17,270.77
40,2025-10-07,156.97
40,2025-11-28,296.16
40,2025-12-04,138.36
41,2025-01-21,110.1
41,2025-02-02,136.59
41,2025-03-13,116.35
41,2025-04-20,140.64
41,2025-05-05,190.71
41,2025-06-01,297.04
41,2025-07-04,186.58
41,2025-08-15,245.98
41,2025-09-06,271.1
41,2025-10-02,285.14
41,2025-11-23,166.08
41,2025-12-07,235.67
42,2025-01-20,246.03
42,2025-02-27,129.88
42,2025-03-01,178.51
42,2025-04-28,118.58
42,2025-05-11,106.05
42,2025-06-19,253.66
42,2025-07-03,112.13
42,2025-08-09,229.4
42,2025-09-05,146.28
42,2025-10-25,113.71
42,2025-11-04,158.44
42,2025-12-20,182.84
43,2025-01-19,220.23
43,2025-02-20,289.95
43,2025-03-08,231.08
43,2025-04-22,240.63
43,2025-05-03,122.85
43,2025-06-18,190.87
43,2025-07-11,174.77
43,2025-08-18,286.98
43,2025-09-07,116.14
43,2025-10-28,83.59
43,2025-11-06,130.24
43,2025-12-10,143.75
44,2025-01-09,138.3
44,2025-02-12,99.89
44,2025-03-05,230.51
44,2025-04-25,286.31
44,2025-05-17,277.61
44,2025-06-14,147.01
44,2025-07-15,170.43
44,2025-08-08,122.53
44,2025-09-28,124.11
44,2025-10-21,299.65
44,2025-11-14,197.12
44,2025-12-26,135.62
45,2025-01-06,237.81
45,2025-02-05,233.41
45,2025-03-15,88.45
45,2025-04-16,158.35
45,2025-05-05,102.53
45,2025-06-11,154.47
45,2025-07-05,99.05
45,2025-08-07,185.33
45,2025-09-24,155.55
45,2025-10-17,153.2
45,2025-11-27,91.14
45,2025-12-07,146.54
46,2025-01-05,145.47
46,2025-02-04,142.57
46,2025-03-21,202.55
46,2025-04-26,106.22
46,2025-05-21,237.32
46,2025-06-11,244.66
46,2025-07-26,242.58
46,2025-08-20,170.96
46,2025-09-10,264.7
46,2025-10-28,294.08
46,2025-11-07,263.81
46,2025-12-16,274.87
47,2025-01-10,262.47
47,2025-02-28,84.09
47,2025-03-18,212.0
47,2025-04-19,119.73
47,2025-05-17,298.25
47,2025-06-08,236.03
47,2025-07-10,119.86
47,2025-08-24,144.79
47,2025-09-07,181.71
47,2025-10-01,227.47
47,2025-11-04,194.17
47,2025-12-05,155.69
48,2025-01-16,184.2
48,2025-02-22,94.6
48,2025-03-06,108.59
48,2025-04-18,107.86
48,2025-05-23,241.27
48,2025-06-03,81.57
48,2025-07-01,90.4
48,2025-08-11,104.22
48,2025-09-15,226.03
48,2025-10-09,228.7
48,2025-11-22,272.02
48,2025-12-27,284.73
49,2025-01-01,259.87
49,2025-02-08,273.39
49,2025-03-14,242.5
49,2025-04-22,190.03
49,2025-05-19,197.27
49,2025-06-28,136.49
49,2025-07-10,214.47
49,2025-08-24,141.82
49,2025-09-09,188.18
49,2025-10-04,148.98
49,2025-11-15,184.9
49,2025-12-11,133.28
50,2025-01-01,273.86
50,2025-02-22,87.42
50,2025-03-11,255.01
50,2025-04-05,87.39
50,2025-05-14,227.9
50,2025-06-19,201.19
50,2025-07-06,218.39
50,2025-08-26,202.86
50,2025-09-18,86.54
50,2025-10-28,238.01
50,2025-11-25,237.92
50,2025-12-16,237.63
51,2025-01-28,92.42
51,2025-02-10,168.15
51,2025-03-24,239.26
51,2025-04-08,157.95
51,2025-05-03,106.91
51,2025-06-23,197.53
51,2025-07-27,116.19
51,2025-08-12,226.16
51,2025-09-01,195.6
51,2025-10-12,241.73
51,2025-11-24,131.7
51,2025-12-20,173.4
52,2025-01-14,145.25
52,2025-02-26,80.64
52,2025-03-12,109.09
52,2025-04-09,163.71
52,2025-05-27,141.98
52,2025-06-01,120.74
52,2025-07-15,287.09
52,2025-08-20,98.75
52,2025-09-08,238.29
52,2025-10-02,145.86
52,2025-11-01,167.37
52,2025-12-25,216.1
53,2025-01-14,237.74
53,2025-02-22,277.9
53,2025-03-07,239.18
53,2025-04-27,256.68
53,2025-05-08,262.09
53,2025-06-15,145.22
53,2025-07-08,179.08
53,2025-08-17,172.55
53,2025-09-27,90.06
53,2025-10-28,125.16
53,2025-11-01,117.21
53,2025-12-03,116.25
54,2025-01-16,202.2
54,2025-02-14,129.42
54,2025-03-08,237.49
54,2025-04-21,296.82
54,2025-05-03,182.61
54,2025-06-27,98.99
54,2025-07-12,141.19
54,2025-08-23,135.61
54,2025-09-22,265.41
54,2025-10-13,107.21
54,2025-11-16,159.27
54,2025-12-13,145.5
55,2025-01-04,113.92
55,2025-02-05,228.9
55,2025-03-24,234.72
55,2025-04-02,140.28
55,2025-05-09,255.7
55,2025-06-09,102.77
55,2025-07-04,193.41
55,2025-08-17,88.72
55,2025-09-01,240.78
55,2025-10-20,169.03
55,2025-11-22,119.1
55,2025-12-24,276.67
56,2025-01-15,198.35
56,2025-02-21,275.24
56,2025-03-16,171.41
56,2025-04-15,210.12
56,2025-05-26,244.44
56,2025-06-19,143.43
56,2025-07-26,257.05
56,2025-08-13,220.31
56,2025-09-28,193.66
56,2025-10-25,185.6
56,2025-11-09,106.12
56,2025-12-18,207.35
57,2025-01-14,295.34
57,2025-02-26,289.45
57,2025-03-06,90.65
57,2025-04-24,268.81
57,2025-05-25,108.83
57,2025-06-03,89.8
57,2025-07-22,130.51
57,2025-08-06,233.06
57,2025-09-07,292.21
57,2025-10-06,237.34
57,2025-11-13,109.12
57,2025-12-23,242.51
58,2025-01-18,287.74
58,2025-02-27,193.71
58,2025-03-03,156.48
58,2025-04-24,181.6
58,2025-05-20,225.69
58,2025-06-05,175.13
58,2025-07-17,242.69
58,2025-08-02,137.55
58,2025-09-27,292.16
58,2025-10-28,222.57
58,2025-11-22,164.82
58,2025-12-13,88.99
59,2025-01-05,141.4
59,2025-02-18,104.76
59,2025-03-03,122.48
59,2025-04-17,298.96
59,2025-05-15,287.09
59,2025-06-27,88.54
59,2025-07-15,262.54
59,2025-08-16,281.99
59,2025-09-09,233.26
59,2025-10-07,199.22
59,2025-11-28,242.23
59,2025-12-10,248.63
60,2025-01-27,149.77
60,2025-02-13,161.99
60,2025-03-03,249.04
60,2025-04-01,122.85
60,2025-05-09,239.62
60,2025-06-07,90.3
60,2025-07-19,285.35
60,2025-08-25,112.5
60,2025-09-28,235.12
60,2025-10-24,130.4
60,2025-11-28,98.02
60,2025-12-18,145.61
61,2025-01-19,175.99
61,2025-02-11,147.68
61,2025-03-09,214.71
61,2025-04-21,97.67
61,2025-05-21,108.64
61,2025-06-20,232.48
61,2025-07-03,87.78
61,2025-08-10,98.58
61,2025-09-08,102.67
61,2025-10-15,207.0
61,2025-11-08,257.34
61,2025-12-14,203.43
62,2025-01-23,251.46
62,2025-02-06,233.2
62,2025-03-14,247.84
62,2025-04-22,182.3
62,2025-05-06,223.87
62,2025-06-14,160.78
62,2025-07-28,249.52
62,2025-08-03,140.91
62,2025-09-20,156.96
62,2025-10-18,251.21
62,2025-11-05,233.66
62,2025-12-17,289.2
63,2025-01-19,170.66
63,2025-02-04,105.01
63,2025-03-12,226.98
63,2025-04-03,125.23
63,2025-05-07,158.62
63,2025-06-16,174.97
63,2025-07-06,129.11
63,2025-08-13,188.27
63,2025-09-17,276.44
63,2025-10-23,277.87
63,2025-11-07,247.89
63,2025-12-09,172.25
64,2025-01-19,243.81
64,2025-02-05,228.03
64,2025-03-06,94.36
64,2025-04-21,104.28
64,2025-05-25,104.27
64,2025-06-05,261.63
64,2025-07-14,115.65
64,2025-08-10,293.31
64,2025-09-25,85.84
64,2025-10-06,227.23
64,2025-11-06,277.76
64,2025-12-20,211.28
65,2025-01-14,181.53
65,2025-02-23,76.82
65,2025-03-03,203.28
65,2025-04-16,185.73
65,2025-05-19,129.04
65,2025-06-16,220.22
65,2025-07-14,103.51
65,2025-08-15,168.48
65,2025-09-19,185.72
65,2025-10-01,100.48
65,2025-11-25,131.81
65,2025-12-13,283.87
66,2025-01-25,235.92
66,2025-02-18,90.58
66,2025-03-20,134.39
66,2025-04-23,265.42
66,2025-05-22,273.95
66,2025-06-13,274.68
66,2025-07-27,138.11
66,2025-08-12,241.55
66,2025-09-22,211.51
66,2025-10-21,277.96
66,2025-11-07,179.61
66,2025-12-01,97.7
67,2025-01-26,119.1
67,2025-02-08,185.63
67,2025-03-25,251.23
67,2025-04-17,99.64
67,2025-05-03,104.0
67,2025-06-27,239.05
67,2025-07-24,266.18
67,2025-08-28,95.93
67,2025-09-12,154.94
67,2025-10-26,249.12
67,2025-11-02,124.97
67,2025-12-25,190.0
68,2025-01-16,255.43
68,2025-02-22,277.93
68,2025-03-08,156.12
68,2025-04-10,143.62
68,2025-05-13,106.85
68,2025-06-05,247.25
68,2025-07-08,277.99
68,2025-08-05,139.53
68,2025-09-08,136.11
68,2025-10-15,81.32
68,2025-11-02,213.52
68,2025-12-09,81.53
69,2025-01-02,114.99
69,2025-02-28,203.83
69,2025-03-10,262.74
69,2025-04-25,139.08
69,2025-05-25,275.28
69,2025-06-01,262.74
69,2025-07-17,226.28
69,2025-08-23,200.25
69,2025-09-26,133.34
69,2025-10-13,199.58
69,2025-11-27,124.41
69,2025-12-13,106.22
70,2025-01-18,207.49
70,2025-02-01,103.02
70,2025-03-20,91.47
70,2025-04-02,99.44
70,2025-05-01,178.52
70,2025-06-04,209.39
70,2025-07-02,124.71
70,2025-08-23,246.85
70,2025-09-08,239.5
70,2025-10-11,171.44
70,2025-11-15,251.26
70,2025-12-12,85.56
71,2025-01-21,264.47
71,2025-02-06,262.52
71,2025-03-22,152.35
71,2025-04-14,281.05
71,2025-05-21,85.43
71,2025-06-20,217.47
71,2025-07-28,189.03
71,2025-08-09,150.4
71,2025-09-25,129.72
71,2025-10-20,103.56
71,2025-11-15,175.58
71,2025-12-17,112.13
72,2025-01-26,180.86
72,2025-02-27,108.33
72,2025-03-05,87.76
72,2025-04-24,288.69
72,2025-05-20,153.3
72,2025-06-18,228.79
72,2025-07-07,183.56
72,2025-08-25,298.8
72,2025-09-18,260.28
72,2025-10-09,132.47
72,2025-11-07,166.37
72,2025-12-08,164.49
73,2025-01-10,227.31
73,2025-02-15,249.89
73,2025-03-10,253.85
73,2025-04-07,217.46
73,2025-05-27,222.42
73,2025-06-14,269.42
73,2025-07-13,205.05
73,2025-08-02,161.85
73,2025-09-05,132.0
73,2025-10-27,240.61
73,2025-11-03,261.08
73,2025-12-11,153.07
74,2025-01-23,298.77
74,2025-02-25,121.4
74,2025-03-25,87.79
74,2025-04-11,250.7
74,2025-05-17,251.44
74,2025-06-12,245.43
74,2025-07-10,217.89
74,2025-08-21,191.04
74,2025-09-01,216.21
74,2025-10-14,218.41
74,2025-11-04,284.57
74,2025-12-15,223.54
75,2025-01-09,286.72
75,2025-02-03,102.79
75,2025-03-13,298.47
75,2025-04-26,218.18
75,2025-05-05,225.49
75,2025-06-26,255.29
75,2025-07-17,98.98
75,2025-08-14,290.91
75,2025-09-18,172.85
75,2025-10-23,233.34
75,2025-11-20,263.08
75,2025-12-09,297.13
76,2025-01-27,101.62
76,2025-02-06,133.71
76,2025-03-27,267.26
76,2025-04-26,218.28
76,2025-05-28,209.49
76,2025-06-18,234.54
76,2025-07-12,226.88
76,2025-08-24,219.71
76,2025-09-01,194.24
76,2025-10-24,175.22
76,2025-11-22,93.33
76,2025-12-12,85.02
77,2025-01-27,82.28
77,2025-02-23,93.31
77,2025-03-12,132.28
77,2025-04-03,150.11
77,2025-05-03,193.89
77,2025-06-01,129.09
77,2025-07-02,241.79
77,2025-08-20,159.7
77,2025-09-13,219.25
77,2025-10-08,204.14
77,2025-11-18,161.61
77,2025-12-13,180.98
78,2025-01-01,139.33
78,2025-02-17,269.53
78,2025-03-08,298.33
78,2025-04-13,257.29
78,2025-05-19,131.45
78,2025-06-13,206.16
78,2025-07-08,103.24
78,2025-08-27,266.24
78,2025-09-07,263.37
78,2025-10-16,150.31
78,2025-11-26,280.21
78,2025-12-25,267.57
79,2025-01-04,243.18
79,2025-02-21,233.28
79,2025-03-12,221.02
79,2025-04-25,161.98
79,2025-05-28,232.53
79,2025-06-21,221.75
79,2025-07-17,209.27
79,2025-08-07,177.31
79,2025-09-24,270.39
79,2025-10-04,106.7
79,2025-11-05,276.28
79,2025-12-12,102.31
80,2025-01-21,99.77
80,2025-02-01,233.04
80,2025-03-03,234.36
80,2025-04-21,124.38
80,2025-05-22,235.12
80,2025-06-26,170.43
80,2025-07-27,185.6
80,2025-08-08,199.77
80,2025-09-09,205.78
80,2025-10-16,288.2
80,2025-11-20,103.67
80,2025-12-02,279.01
81,2025-01-11,133.43
81,2025-02-18,98.06
81,2025-03-20,162.92
81,2025-04-23,207.95
81,2025-05-19,176.61
81,2025-06-13,107.98
81,2025-07-02,194.38
81,2025-08-20,242.45
81,2025-09-14,216.38
81,2025-10-09,132.15
81,2025-11-10,98.82
81,2025-12-07,139.76
82,2025-01-11,135.16
82,2025-02-01,139.33
82,2025-03-21,239.09
82,2025-04-03,291.18
82,2025-05-05,91.85
82,2025-06-16,298.49
82,2025-07-25,96.52
82,2025-08-20,134.6
82,2025-09-28,131.38
82,2025-10-24,119.77
82,2025-11-14,183.64
82,2025-12-22,286.58
83,2025-01-19,87.14
83,2025-02-07,198.61
83,2025-03-19,225.35
83,2025-04-24,87.07
83,2025-05-19,279.07
83,2025-06-04,80.15
83,2025-07-22,168.95
83,2025-08-02,147.78
83,2025-09-03,219.98
83,2025-10-01,208.43
83,2025-11-06,82.93
83,2025-12-28,217.95
84,2025-01-11,218.44
84,2025-02-04,121.81
84,2025-03-18,290.21
84,2025-04-19,252.9
84,2025-05-06,142.83
84,2025-06-26,293.34
84,2025-07-17,115.28
84,2025-08-12,86.63
84,2025-09-24,145.04
84,2025-10-23,90.23
84,2025-11-14,227.73
84,2025-12-15,161.95
85,2025-01-27,288.22
85,2025-02-23,193.01
85,2025-03-09,183.07
85,2025-04-19,153.73
85,2025-05-23,276.05
85,2025-06-02,225.45
85,2025-07-26,178.9
85,2025-08-10,167.35
85,2025-09-25,178.52
85,2025-10-05,90.26
85,2025-11-27,87.43
85,2025-12-18,270.63
86,2025-01-26,185.52
86,2025-02-02,253.5
86,2025-03-18,214.94
86,2025-04-07,89.7
86,2025-05-28,267.98
86,2025-06-10,87.37
86,2025-07-12,169.73
86,2025-08-12,217.29
86,2025-09-07,130.87
86,2025-10-01,285.4
86,2025-11-22,260.74
86,2025-12-21,120.98
87,2025-01-12,200.3
87,2025-02-02,114.72
87,2025-03-24,239.54
87,2025-04-13,243.41
87,2025-05-18,121.11
87,2025-06-09,117.41
87,2025-07-06,164.66
87,2025-08-04,175.56
87,2025-09-01,206.96
87,2025-10-19,182.32
87,2025-11-28,154.49
87,2025-12-04,240.33
88,2025-01-13,96.65
88,2025-02-25,147.79
88,2025-03-24,153.93
88,2025-04-18,176.54
88,2025-05-22,95.7
88,2025-06-27,279.27
88,2025-07-22,133.68
88,2025-08-19,137.28
88,2025-09-13,207.58
88,2025-10-22,213.89
88,2025-11-01,92.27
88,2025-12-09,201.91
89,2025-01-18,137.28
89,2025-02-15,280.39
89,2025-03-23,128.89
89,2025-04-08,135.56
89,2025-05-22,135.62
89,2025-06-02,122.22
89,2025-07-01,266.77
89,2025-08-26,113.32
89,2025-09-26,109.51
89,2025-10-09,268.09
89,2025-11-07,192.74
89,2025-12-04,159.43
90,2025-01-03,209.14
90,2025-02-27,194.32
90,2025-03-13,294.65
90,2025-04-11,263.87
90,2025-05-22,241.51
90,2025-06-26,137.24
90,2025-07-10,142.6
90,2025-08-16,134.24
90,2025-09-25,270.05
90,2025-10-13,249.34
90,2025-11-01,289.54
90,2025-12-01,157.54
91,2025-01-25,189.07
91,2025-02-25,247.23
91,2025-03-14,164.98
91,2025-04-02,163.93
91,2025-05-12,88.87
91,2025-06-24,109.82
91,2025-07-04,287.37
91,2025-08-07,249.68
91,2025-09-16,194.53
91,2025-10-24,299.43
91,2025-11-12,183.18
91,2025-12-26,162.99
92,2025-01-03,255.56
92,2025-02-01,255.49
92,2025-03-22,284.92
92,2025-04-04,297.74
92,2025-05-21,105.07
92,2025-06-21,187.78
92,2025-07-15,228.74
92,2025-08-05,269.9
92,2025-09-04,227.26
92,2025-10-27,214.53
92,2025-11-17,287.73
92,2025-12-01,133.58
93,2025-01-09,102.73
93,2025-02-06,278.89
93,2025-03-01,143.61
93,2025-04-25,147.49
93,2025-05-15,107.71
93,2025-06-20,101.37
93,2025-07-26,283.8
93,2025-08-22,143.31
93,2025-09-12,98.73
93,2025-10-25,146.43
93,2025-11-24,284.71
93,2025-12-03,105.34
94,2025-01-13,177.45
94,2025-02-06,146.71
94,2025-03-12,91.31
94,2025-04-11,159.04
94,2025-05-26,170.75
94,2025-06-11,201.82
94,2025-07-18,155.33
94,2025-08-14,82.5
94,2025-09-07,281.77
94,2025-10-09,144.94
94,2025-11-21,232.17
94,2025-12-10,152.25
95,2025-01-28,261.64
95,2025-02-28,221.8
95,2025-03-15,220.18
95,2025-04-22,178.32
95,2025-05-20,236.19
95,2025-06-26,115.62
95,2025-07-16,287.65
95,2025-08-19,249.89
95,2025-09-05,132.38
95,2025-10-28,297.68
95,2025-11-05,94.77
95,2025-12-21,107.62
96,2025-01-13,238.03
96,2025-02-09,183.05
96,2025-03-26,139.77
96,2025-04-17,253.33
96,2025-05-15,230.73
96,2025-06-18,166.54
96,2025-07-02,224.6
96,2025-08-20,82.32
96,2025-09-21,242.4
96,2025-10-11,118.62
96,2025-11-11,247.8
96,2025-12-13,227.89
97,2025-01-23,265.12
97,2025-02-23,140.21
97,2025-03-18,107.27
97,2025-04-22,266.63
97,2025-05-15,163.97
97,2025-06-07,285.37
97,2025-07-02,100.02
97,2025-08-14,85.5
97,2025-09-04,89.47
97,2025-10-26,210.43
97,2025-11-17,214.44
97,2025-12-16,129.94
98,2025-01-15,219.8
98,2025-02-05,105.85
98,2025-03-18,149.05
98,2025-04-17,95.45
98,2025-05-25,164.41
98,2025-06-11,248.46
98,2025-07-02,103.91
98,2025-08-04,265.87
98,2025-09-14,171.54
98,2025-10-09,180.36
98,2025-11-22,277.82
98,2025-12-18,192.78
99,2025-01-20,190.04
99,2025-02-04,251.02
99,2025-03-28,233.32
99,2025-04-13,288.12
99,2025-05-28,146.03
99,2025-06-23,173.16
99,2025-07-02,92.55
99,2025-08-14,177.02
99,2025-09-20,224.11
99,2025-10-26,131.27
99,2025-11-20,288.27
99,2025-12-17,126.36
100,2025-01-05,153.95
100,2025-02-21,174.57
100,2025-03-07,83.78
100,2025-04-22,258.87
100,2025-05-06,270.43
100,2025-06-04,209.44
100,2025-07-15,198.63
100,2025-08-05,112.0
100,2025-09-26,235.48
100,2025-10-17,98.47
100,2025-11-27,178.23
100,2025-12-16,182.95
101,2025-01-22,158.16
101,2025-02-19,300.1
101,2025-03-06,258.45
101,2025-04-09,184.56
101,2025-05-11,243.46
101,2025-06-05,189.39
101,2025-07-24,217.04
101,2025-08-26,163.73
101,2025-09-13,111.79
101,2025-10-06,220.26
101,2025-11-08,205.37
101,2025-12-16,94.39
102,2025-01-03,284.28
102,2025-02-12,112.25
102,2025-03-20,286.98
102,2025-04-24,205.79
102,2025-05-28,166.53
102,2025-06-02,272.51
102,2025-07-13,210.13
102,2025-08-21,83.17
102,2025-09-20,141.02
102,2025-10-19,244.28
102,2025-11-25,97.9
102,2025-12-27,193.62
103,2025-01-13,131.92
103,2025-02-15,193.62
103,2025-03-17,130.26
103,2025-04-24,229.47
103,2025-05-10,143.6
103,2025-06-17,192.01
103,2025-07-05,138.12
103,2025-08-04,181.06
103,2025-09-15,188.34
103,2025-10-22,287.11
103,2025-11-11,158.68
103,2025-12-11,194.64
104,2025-01-07,270.43
104,2025-02-05,127.02
104,2025-03-16,286.0
104,2025-04-22,183.26
104,2025-05-16,88.44
104,2025-06-16,81.59
104,2025-07-14,286.55
104,2025-08-24,171.45
104,2025-09-04,217.38
104,2025-10-16,265.08
104,2025-11-08,260.08
104,2025-12-02,272.33
105,2025-01-21,84.66
105,2025-02-19,291.78
105,2025-03-24,121.86
105,2025-04-24,284.96
105,2025-05-17,196.71
105,2025-06-15,139.67
105,2025-07-12,123.62
105,2025-08-13,182.72
105,2025-09-24,283.2
105,2025-10-03,281.92
105,2025-11-26,110.39
105,2025-12-17,220.33
106,2025-01-25,160.68
106,2025-02-10,103.3
106,2025-03-19,290.68
106,2025-04-15,98.38
106,2025-05-18,176.68
106,2025-06-19,126.01
106,2025-07-24,172.98
106,2025-08-26,282.52
106,2025-09-27,124.89
106,2025-10-20,173.13
106,2025-11-18,286.64
106,2025-12-05,105.44
107,2025-01-20,228.09
107,2025-02-13,297.73
107,2025-03-14,89.73
107,2025-04-03,257.71
107,2025-05-21,139.8
107,2025-06-21,84.58
107,2025-07-03,154.21
107,2025-08-17,275.17
107,2025-09-05,209.4
107,2025-10-13,171.26
107,2025-11-11,238.09
107,2025-12-16,194.36
108,2025-01-03,227.33
108,2025-02-15,201.44
108,2025-03-21,168.42
108,2025-04-07,210.31
108,2025-05-10,187.86
108,2025-06-23,137.36
108,2025-07-01,161.43
108,2025-08-16,214.0
108,2025-09-26,172.24
108,2025-10-26,183.14
108,2025-11-17,219.6
108,2025-12-17,99.73
109,2025-01-15,205.03
109,2025-02-27,145.78
109,2025-03-27,135.75
109,2025-04-09,216.05
109,2025-05-09,105.19
109,2025-06-18,261.16
109,2025-07-16,90.89
109,2025-08-21,136.45
109,2025-09-27,155.39
109,2025-10-02,297.64
109,2025-11-03,246.3
109,2025-12-08,170.37
110,2025-01-27,138.47
110,2025-02-26,216.57
110,2025-03-17,208.59
110,2025-04-14,109.32
110,2025-05-08,189.63
110,2025-06-07,261.47
110,2025-07-14,226.75
110,2025-08-19,111.32
110,2025-09-02,145.78
110,2025-10-25,177.62
110,2025-11-22,88.97
110,2025-12-11,256.03
111,2025-01-07,181.62
111,2025-02-17,220.53
111,2025-03-23,256.7
111,2025-04-17,133.39
111,2025-05-04,134.16
111,2025-06-21,170.1
111,2025-07-02,253.63
111,2025-08-20,112.35
111,2025-09-07,171.27
111,2025-10-27,224.2
111,2025-11-01,291.05
111,2025-12-09,98.9
112,2025-01-12,286.91
112,2025-02-15,279.95
112,2025-03-25,246.2
112,2025-04-13,89.43
112,2025-05-23,87.2
112,2025-06-15,296.74
112,2025-07-01,185.82
112,2025-08-02,171.27
112,2025-09-22,295.51
112,2025-10-28,162.94
112,2025-11-12,245.03
112,2025-12-01,100.32
113,2025-01-24,214.61
113,2025-02-02,200.77
113,2025-03-01,236.43
113,2025-04-18,179.12
113,2025-05-28,105.56
113,2025-06-24,281.7
113,2025-07-14,221.49
113,2025-08-13,113.03
113,2025-09-01,246.09
113,2025-10-17,87.76
113,2025-11-25,251.51
113,2025-12-26,229.57
114,2025-01-24,94.39
114,2025-02-10,211.75
114,2025-03-23,121.78
114,2025-04-24,244.43
114,2025-05-01,244.26
114,2025-06-02,136.5
114,2025-07-25,206.62
114,2025-08-06,294.93
114,2025-09-09,199.55
114,2025-10-13,171.73
114,2025-11-13,125.02
114,2025-12-14,98.6
115,2025-01-07,258.95
115,2025-02-17,204.96
115,2025-03-24,265.09
115,2025-04-27,144.02
115,2025-05-03,192.82
115,2025-06-14,213.39
115,2025-07-23,112.83
115,2025-08-25,218.29
115,2025-09-16,110.98
115,2025-10-23,131.39
115,2025-11-14,227.21
115,2025-12-05,294.89
116,2025-01-03,297.34
116,2025-02-10,286.11
116,2025-03-17,196.55
116,2025-04-10,204.02
116,2025-05-25,210.89
116,2025-06-10,278.96
116,2025-07-22,147.28
116,2025-08-07,105.69
116,2025-09-27,264.67
116,2025-10-11,261.94
116,2025-11-20,184.13
116,2025-12-22,178.38
117,2025-01-06,252.69
117,2025-02-20,139.22
117,2025-03-25,164.16
117,2025-04-26,262.67
117,2025-05-10,114.63
117,2025-06-16,202.14
117,2025-07-08,272.43
117,2025-08-12,236.63
117,2025-09-01,89.28
117,2025-10-15,202.93
117,2025-11-02,257.87
117,2025-12-20,267.76
118,2025-01-19,127.38
118,2025-02-11,265.81
118,2025-03-22,102.08
118,2025-04-02,239.58
118,2025-05-06,86.77
118,2025-06-09,262.31
118,2025-07-06,142.81
118,2025-08-28,111.17
118,2025-09-19,137.37
118,2025-10-13,179.37
118,2025-11-23,108.23
118,2025-12-19,159.14
119,2025-01-23,214.47
119,2025-02-10,79.28
119,2025-03-17,243.64
119,2025-04-10,164.3
119,2025-05-25,257.7
119,2025-06-17,114.17
119,2025-07-19,194.04
119,2025-08-15,211.69
119,2025-09-24,183.17
119,2025-10-05,174.86
119,2025-11-04,181.41
119,2025-12-27,138.57
120,2025-01-18,208.35
120,2025-02-01,132.68
120,2025-03-14,158.52
120,2025-04-28,213.74
120,2025-05-25,251.59
120,2025-06-03,266.0
120,2025-07-05,105.89
120,2025-08-06,130.46
120,2025-09-15,143.5
120,2025-10-27,238.81
120,2025-11-14,113.53
120,2025-12-04,172.31
121,2025-01-25,137.43
121,2025-02-12,254.29
121,2025-03-21,185.66
121,2025-04-28,86.95
121,2025-05-15,227.99
121,2025-06-15,283.22
121,2025-07-14,191.85
121,2025-08-13,132.18
121,2025-09-11,123.46
121,2025-10-16,254.5
121,2025-11-19,253.67
121,2025-12-14,193.89
122,2025-01-16,237.57
122,2025-02-10,250.73
122,2025-03-27,299.68
122,2025-04-26,125.14
122,2025-05-21,99.66
122,2025-06-15,154.78
122,2025-07-03,174.18
122,2025-08-09,192.51
122,2025-09-09,137.73
122,2025-10-15,152.96
122,2025-11-13,147.74
122,2025-12-18,234.3
123,2025-01-08,80.51
123,2025-02-17,158.55
123,2025-03-16,238.37
123,2025-04-19,165.09
123,2025-05-22,155.62
123,2025-06-18,113.3
123,2025-07-12,263.61
123,2025-08-16,234.77
123,2025-09-06,107.16
123,2025-10-18,184.8
123,2025-11-06,198.76
123,2025-12-11,98.54
124,2025-01-08,93.75
124,2025-02-01,231.27
124,2025-03-06,127.92
124,2025-04-15,243.76
124,2025-05-02,145.5
124,2025-06-13,136.61
124,2025-07-27,189.41
124,2025-08-09,233.95
124,2025-09-03,279.03
124,2025-10-18,127.72
124,2025-11-10,229.84
124,2025-12-24,118.34
125,2025-01-05,224.11
125,2025-02-22,232.17
125,2025-03-16,190.89
125,2025-04-19,109.77
125,2025-05-21,156.17
125,2025-06-19,196.39
125,2025-07-11,111.29
125,2025-08-03,261.93
125,2025-09-08,212.4
125,2025-10-08,212.52
125,2025-11-07,270.94
125,2025-12-24,238.58
126,2025-01-17,236.39
126,2025-02-23,84.04
126,2025-03-16,87.18
126,2025-04-18,120.28
126,2025-05-09,236.7
126,2025-06-18,185.81
126,2025-07-15,242.48
126,2025-08-09,246.05
126,2025-09-24,153.4
126,2025-10-23,148.92
126,2025-11-22,117.1
126,2025-12-02,90.37
127,2025-01-04,301.38
127,2025-02-16,96.49
127,2025-03-28,143.54
127,2025-04-22,142.99
127,2025-05-14,247.07
127,2025-06-26,183.4
127,2025-07-17,220.14
127,2025-08-03,251.29
127,2025-09-26,291.46
127,2025-10-05,136.44
127,2025-11-07,204.03
127,2025-12-03,163.03
128,2025-01-09,123.33
128,2025-02-09,131.47
128,2025-03-08,187.48
128,2025-04-01,167.43
128,2025-05-14,277.13
128,2025-06-10,153.17
128,2025-07-05,221.27
128,2025-08-20,131.33
128,2025-09-06,114.89
128,2025-10-04,125.02
128,2025-11-21,149.78
128,2025-12-19,134.24
129,2025-01-09,227.19
129,2025-02-02,274.42
129,2025-03-17,95.59
129,2025-04-05,131.38
129,2025-05-13,121.8
129,2025-06-05,294.77
129,2025-07-17,216.56
129,2025-08-19,228.92
129,2025-09-14,163.39
129,2025-10-26,183.16
129,2025-11-18,215.77
129,2025-12-13,216.41
130,2025-01-08,143.26
130,2025-02-14,208.94
130,2025-03-11,209.48
130,2025-04-14,118.91
130,2025-05-21,162.86
130,2025-06-05,154.34
130,2025-07-16,110.17
130,2025-08-14,264.08
130,2025-09-22,152.07
130,2025-10-02,271.28
130,2025-11-23,290.67
130,2025-12-01,168.07
131,2025-01-21,269.75
131,2025-02-09,129.13
131,2025-03-24,146.7
131,2025-04-23,293.44
131,2025-05-28,263.68
131,2025-06-15,283.67
131,2025-07-13,148.0
131,2025-08-18,172.01
131,2025-09-13,275.78
131,2025-10-06,106.44
131,2025-11-17,228.98
131,2025-12-23,251.6
132,2025-01-09,107.64
132,2025-02-26,295.87
132,2025-03-20,245.24
132,2025-04-22,235.02
132,2025-05-08,283.05
132,2025-06-01,143.43
132,2025-07-07,170.71
132,2025-08-19,282.01
132,2025-09-16,229.64
132,2025-10-14,115.61
132,2025-11-12,225.17
132,2025-12-23,298.81
133,2025-01-12,284.59
133,2025-02-26,155.96
133,2025-03-04,254.55
133,2025-04-08,264.29
133,2025-05-06,82.02
133,2025-06-22,214.22
133,2025-07-03,168.95
133,2025-08-03,151.42
133,2025-09-21,122.2
133,2025-10-28,243.22
133,2025-11-24,144.23
133,2025-12-18,82.78
134,2025-01-23,249.0
134,2025-02-16,105.65
134,2025-03-03,277.11
134,2025-04-07,227.7
134,2025-05-20,221.02
134,2025-06-03,137.75
134,2025-07-04,117.54
134,2025-08-26,195.7
134,2025-09-25,108.4
134,2025-10-20,190.09
134,2025-11-22,191.63
134,2025-12-18,234.87
135,2025-01-22,269.11
135,2025-02-19,116.06
135,2025-03-10,248.82
135,2025-04-11,149.61
135,2025-05-03,152.8
135,2025-06-05,169.77
135,2025-07-09,123.48
135,2025-08-17,162.9
135,2025-09-18,226.53
135,2025-10-05,170.4
135,2025-11-07,212.15
135,2025-12-21,238.31
136,2025-01-12,246.2
136,2025-02-14,123.49
136,2025-03-28,229.71
136,2025-04-28,127.47
136,2025-05-22,269.74
136,2025-06-19,146.59
136,2025-07-23,117.53
136,2025-08-13,236.02
136,2025-09-05,159.46
136,2025-10-27,200.61
136,2025-11-13,278.42
136,2025-12-03,216.89
137,2025-01-20,81.17
137,2025-02-26,151.58
137,2025-03-13,287.99
137,2025-04-28,242.86
137,2025-05-25,201.32
137,2025-06-16,92.21
137,2025-07-11,285.23
137,2025-08-24,222.7
137,2025-09-15,146.89
137,2025-10-02,175.13
137,2025-11-08,144.55
137,2025-12-04,226.14
138,2025-01-02,105.12
138,2025-02-25,210.94
138,2025-03-25,181.01
138,2025-04-28,192.19
138,2025-05-24,264.25
138,2025-06-02,157.69
138,2025-07-04,222.23
138,2025-08-03,105.93
138,2025-09-19,160.97
138,2025-10-21,223.84
138,2025-11-15,269.96
138,2025-12-17,266.25
139,2025-01-27,189.26
139,2025-02-10,165.88
139,2025-03-08,122.29
139,2025-04-16,234.83
139,2025-05-11,278.66
139,2025-06-08,117.49
139,2025-07-14,284.13
139,2025-08-21,142.7
139,2025-09-05,261.91
139,2025-10-18,131.81
139,2025-11-12,176.87
139,2025-12-16,236.49
140,2025-01-09,240.77
140,2025-02-03,164.37
140,2025-03-03,248.29
140,2025-04-06,221.53
140,2025-05-09,281.5
140,2025-06-12,189.85
140,2025-07-13,206.69
140,2025-08-13,266.53
140,2025-09-17,134.78
140,2025-10-18,115.76
140,2025-11-06,265.98
140,2025-12-12,95.8
141,2025-01-25,229.57
141,2025-02-08,183.87
141,2025-03-22,238.08
141,2025-04-03,237.62
141,2025-05-13,184.37
141,2025-06-13,154.06
141,2025-07-04,213.59
141,2025-08-12,232.34
141,2025-09-24,206.14
141,2025-10-22,130.88
141,2025-11-09,91.68
141,2025-12-09,246.85
142,2025-01-21,273.99
142,2025-02-05,124.17
142,2025-03-27,146.68
142,2025-04-12,287.2
142,2025-05-04,258.3
142,2025-06-05,240.05
142,2025-07-05,108.96
142,2025-08-06,285.48
142,2025-09-18,297.68
142,2025-10-24,179.8
142,2025-11-28,147.24
142,2025-12-19,97.22
143,2025-01-08,134.8
143,2025-02-26,285.12
143,2025-03-08,173.19
143,2025-04-07,255.72
143,2025-05-21,222.55
143,2025-06-13,136.85
143,2025-07-27,133.69
143,2025-08-12,149.14
143,2025-09-26,252.48
143,2025-10-20,293.36
143,2025-11-10,142.91
143,2025-12-03,178.51
144,2025-01-22,118.18
144,2025-02-28,162.77
144,2025-03-19,285.98
144,2025-04-26,128.64
144,2025-05-10,94.69
144,2025-06-08,184.66
144,2025-07-26,152.54
144,2025-08-04,227.69
144,2025-09-05,82.66
144,2025-10-15,91.36
144,2025-11-28,197.99
144,2025-12-05,193.98
145,2025-01-28,273.29
145,2025-02-16,257.03
145,2025-03-19,169.63
145,2025-04-10,256.65
145,2025-05-19,193.08
145,2025-06-12,95.6
145,2025-07-13,85.26
145,2025-08-09,142.79
145,2025-09-16,139.03
145,2025-10-22,266.71
145,2025-11-22,286.65
145,2025-12-07,94.96
146,2025-01-25,264.65
146,2025-02-03,202.1
146,2025-03-28,259.58
146,2025-04-23,83.12
146,2025-05-22,168.57
146,2025-06-04,102.31
146,2025-07-28,197.22
146,2025-08-12,215.42
146,2025-09-24,82.94
146,2025-10-25,179.18
146,2025-11-05,235.26
146,2025-12-07,202.28
147,2025-01-27,92.16
147,2025-02-26,116.65
147,2025-03-12,80.2
147,2025-04-13,200.76
147,2025-05-20,253.94
147,2025-06-22,248.0
147,2025-07-09,231.57
147,2025-08-26,290.03
147,2025-09-01,183.73
147,2025-10-24,143.9
147,2025-11-03,266.43
147,2025-12-15,95.21
148,2025-01-22,229.45
148,2025-02-28,234.17
148,2025-03-11,152.63
148,2025-04-07,213.79
148,2025-05-03,146.9
148,2025-06-28,148.76
148,2025-07-09,297.22
148,2025-08-16,197.48
148,2025-09-28,174.29
148,2025-10-12,246.7
148,2025-11-03,83.78
148,2025-12-06,296.23
149,2025-01-07,126.48
149,2025-02-17,108.23
149,2025-03-14,136.46
149,2025-04-15,183.52
149,2025-05-20,84.13
149,2025-06-10,170.94
149,2025-07-05,192.26
149,2025-08-22,247.98
149,2025-09-27,207.25
149,2025-10-24,293.69
149,2025-11-21,265.97
149,2025-12-09,139.08
150,2025-01-21,197.49
150,2025-02-21,231.9
150,2025-03-16,127.65
150,2025-04-03,271.21
150,2025-05-12,218.61
150,2025-06-28,250.98
150,2025-07-18,153.47
150,2025-08-01,293.92
150,2025-09-18,258.87
150,2025-10-16,89.28
150,2025-11-28,86.71
150,2025-12-02,294.47
151,2025-01-09,124.74
151,2025-02-28,214.45
151,2025-03-18,245.62
151,2025-04-14,224.98
151,2025-05-09,238.08
151,2025-06-19,130.86
151,2025-07-15,272.16
151,2025-08-07,176.26
151,2025-09-21,220.15
151,2025-10-02,220.02
151,2025-11-12,132.8
151,2025-12-08,112.27
152,2025-01-03,124.98
152,2025-02-14,209.95
152,2025-03-14,181.65
152,2025-04-04,276.76
152,2025-05-22,102.99
152,2025-06-01,117.33
152,2025-07-22,253.52
152,2025-08-12,92.53
152,2025-09-17,173.99
152,2025-10-14,132.96
152,2025-11-05,135.83
152,2025-12-16,114.31
153,2025-01-05,240.59
153,2025-02-06,297.27
153,2025-03-20,127.69
153,2025-04-15,223.28
153,2025-05-21,145.17
153,2025-06-10,253.49
153,2025-07-04,179.03
153,2025-08-28,303.99
153,2025-09-12,258.94
153,2025-10-07,139.28
153,2025-11-16,275.79
153,2025-12-27,286.14
154,2025-01-12,128.68
154,2025-02-01,126.75
154,2025-03-13,118.78
154,2025-04-27,223.77
154,2025-05-04,202.8
154,2025-06-20,193.18
154,2025-07-07,160.92
154,2025-08-04,230.03
154,2025-09-28,207.7
154,2025-10-26,245.53
154,2025-11-05,161.43
154,2025-12-08,125.64
155,2025-01-24,151.27
155,2025-02-28,105.08
155,2025-03-13,109.71
155,2025-04-08,162.02
155,2025-05-17,284.03
155,2025-06-27,264.95
155,2025-07-04,292.36
155,2025-08-16,153.67
155,2025-09-24,104.34
155,2025-10-10,265.48
155,2025-11-21,286.16
155,2025-12-20,262.94
156,2025-01-11,132.71
156,2025-02-21,89.13
156,2025-03-04,264.52
156,2025-04-05,206.01
156,2025-05-20,94.58
156,2025-06-19,137.56
156,2025-07-16,179.73
156,2025-08-21,260.07
156,2025-09-11,146.02
156,2025-10-11,117.6
156,2025-11-03,175.66
156,2025-12-27,228.83
157,2025-01-08,137.69
157,2025-02-14,216.74
157,2025-03-01,209.22
157,2025-04-12,280.37
157,2025-05-22,293.33
157,2025-06-10,172.19
157,2025-07-20,283.08
157,2025-08-07,160.9
157,2025-09-03,86.58
157,2025-10-25,218.89
157,2025-11-28,179.33
157,2025-12-12,232.91
158,2025-01-04,277.48
158,2025-02-19,219.1
158,2025-03-27,218.72
158,2025-04-01,229.7
158,2025-05-28,101.22
158,2025-06-20,125.38
158,2025-07-05,224.48
158,2025-08-15,203.81
158,2025-09-16,173.23
158,2025-10-03,237.94
158,2025-11-07,100.14
158,2025-12-18,220.78
159,2025-01-24,239.69
159,2025-02-02,284.7
159,2025-03-10,227.81
159,2025-04-15,145.08
159,2025-05-22,291.82
159,2025-06-14,222.68
159,2025-07-06,123.5
159,2025-08-07,199.21
159,2025-09-02,99.68
159,2025-10-15,84.22
159,2025-11-27,223.43
159,2025-12-04,248.95
160,2025-01-11,201.82
160,2025-02-10,135.28
160,2025-03-02,136.73
160,2025-04-22,262.91
160,2025-05-06,280.97
160,2025-06-14,250.14
160,2025-07-09,276.13
160,2025-08-19,196.2
160,2025-09-27,139.94
160,2025-10-26,147.2
160,2025-11-10,117.59
160,2025-12-26,196.9
161,2025-01-11,268.05
161,2025-02-15,212.73
161,2025-03-05,193.47
161,2025-04-23,278.56
161,2025-05-05,124.95
161,2025-06-26,152.78
161,2025-07-11,147.98
161,2025-08-22,265.77
161,2025-09-04,99.99
161,2025-10-25,246.11
161,2025-11-17,124.58
161,2025-12-09,106.4
162,2025-01-02,252.61
162,2025-02-18,170.28
162,2025-03-23,199.09
162,2025-04-15,248.5
162,2025-05-24,212.05
162,2025-06-22,107.98
162,2025-07-11,135.05
162,2025-08-04,264.89
162,2025-09-01,279.97
162,2025-10-26,210.01
162,2025-11-05,95.24
162,2025-12-13,131.45
163,2025-01-17,114.29
163,2025-02-19,105.56
163,2025-03-23,176.87
163,2025-04-05,267.62
163,2025-05-06,257.72
163,2025-06-28,233.56
163,2025-07-01,120.44
163,2025-08-14,141.62
163,2025-09-04,140.96
163,2025-10-08,138.9
163,2025-11-14,257.34
163,2025-12-09,150.0
164,2025-01-24,163.07
164,2025-02-13,118.43
164,2025-03-14,87.67
164,2025-04-07,202.45
164,2025-05-18,199.07
164,2025-06-24,281.12
164,2025-07-18,101.21
164,2025-08-11,134.47
164,2025-09-12,170.83
164,2025-10-06,219.89
164,2025-11-26,181.18
164,2025-12-05,93.83
165,2025-01-10,152.43
165,2025-02-08,207.44
165,2025-03-16,114.73
165,2025-04-01,143.52
165,2025-05-07,302.58
165,2025-06-17,211.15
165,2025-07-27,216.52
165,2025-08-02,223.04
165,2025-09-19,293.45
165,2025-10-15,225.08
165,2025-11-01,285.74
165,2025-12-11,293.58
166,2025-01-21,105.33
166,2025-02-07,205.54
166,2025-03-04,282.85
166,2025-04-13,295.81
166,2025-05-12,122.12
166,2025-06-19,199.58
166,2025-07-04,227.72
166,2025-08-07,101.53
166,2025-09-21,261.17
166,2025-10-23,129.39
166,2025-11-14,253.0
166,2025-12-27,132.74
167,2025-01-04,131.96
167,2025-02-25,283.52
167,2025-03-21,292.38
167,2025-04-08,246.36
167,2025-05-26,133.78
167,2025-06-10,266.73
167,2025-07-06,277.72
167,2025-08-08,138.16
167,2025-09-27,116.41
167,2025-10-13,280.58
167,2025-11-21,243.13
167,2025-12-27,200.91
168,2025-01-27,259.91
168,2025-02-07,152.55
168,2025-03-05,230.03
168,2025-04-17,279.26
168,2025-05-14,88.73
168,2025-06-25,237.64
168,2025-07-19,197.27
168,2025-08-24,163.13
168,2025-09-11,240.49
168,2025-10-05,298.49
168,2025-11-17,202.46
168,2025-12-27,144.13
169,2025-01-22,195.12
169,2025-02-12,110.29
169,2025-03-22,233.12
169,2025-04-10,199.95
169,2025-05-17,110.28
169,2025-06-24,168.67
169,2025-07-17,264.34
169,2025-08-01,245.47
169,2025-09-01,105.68
169,2025-10-21,172.84
169,2025-11-12,192.52
169,2025-12-21,294.86
170,2025-01-28,278.17
170,2025-02-25,292.75
170,2025-03-20,259.5
170,2025-04-18,203.63
170,2025-05-11,194.08
170,2025-06-16,261.43
170,2025-07-23,166.89
170,2025-08-20,83.44
170,2025-09-13,228.11
170,2025-10-11,133.68
170,2025-11-05,279.49
170,2025-12-23,186.33
171,2025-01-11,198.18
171,2025-02-20,207.13
171,2025-03-04,224.09
171,2025-04-10,225.74
171,2025-05-10,97.54
171,2025-06-06,121.42
171,2025-07-20,123.27
171,2025-08-16,261.2
171,2025-09-27,295.07
171,2025-10-11,98.97
171,2025-11-13,167.78
171,2025-12-03,214.29
172,2025-01-14,100.02
172,2025-02-02,98.88
172,2025-03-18,199.78
172,2025-04-27,230.64
172,2025-05-13,298.46
172,2025-06-08,286.26
172,2025-07-03,255.64
172,2025-08-26,89.94
172,2025-09-16,137.22
172,2025-10-06,271.02
172,2025-11-25,168.03
172,2025-12-24,197.7
173,2025-01-14,221.33
173,2025-02-27,126.79
173,2025-03-14,87.86
173,2025-04-07,248.06
173,2025-05-12,300.12
173,2025-06-03,295.81
173,2025-07-20,154.17
173,2025-08-28,95.86
173,2025-09-14,172.63
173,2025-10-03,244.88
173,2025-11-04,103.97
173,2025-12-25,246.71
174,2025-01-25,239.17
174,2025-02-10,113.84
174,2025-03-22,275.97
174,2025-04-26,108.09
174,2025-05-08,169.91
174,2025-06-11,241.96
174,2025-07-02,231.04
174,2025-08-08,85.27
174,2025-09-07,280.59
174,2025-10-13,121.17
174,2025-11-02,87.46
174,2025-12-23,115.02
175,2025-01-01,77.99
175,2025-02-14,111.12
175,2025-03-26,142.82
175,2025-04-06,208.62
175,2025-05-14,247.51
175,2025-06-25,105.31
175,2025-07-19,144.22
175,2025-08-25,126.49
175,2025-09-23,134.62
175,2025-10-27,262.55
175,2025-11-19,79.61
175,2025-12-10,164.21
176,2025-01-27,121.72
176,2025-02-07,227.17
176,2025-03-10,282.6
176,2025-04-17,104.29
176,2025-05-20,249.94
176,2025-06-03,83.86
176,2025-07-24,290.25
176,2025-08-22,298.69
176,2025-09-28,277.5
176,2025-10-06,172.26
176,2025-11-25,184.25
176,2025-12-09,84.17
177,2025-01-08,141.62
177,2025-02-27,113.03
177,2025-03-28,129.19
177,2025-04-22,241.83
177,2025-05-25,234.91
177,2025-06-26,169.21
177,2025-07-20,153.41
177,2025-08-28,291.45
177,2025-09-08,92.73
177,2025-10-10,232.45
177,2025-11-21,111.95
177,2025-12-08,129.87
178,2025-01-10,87.56
178,2025-02-22,225.24
178,2025-03-08,152.65
178,2025-04-28,89.39
178,2025-05-02,230.36
178,2025-06-05,165.65
178,2025-07-25,192.02
178,2025-08-25,282.71
178,2025-09-22,239.16
178,2025-10-28,144.71
178,2025-11-26,173.22
178,2025-12-11,200.65
179,2025-01-25,141.12
179,2025-02-05,251.46
179,2025-03-23,168.58
179,2025-04-05,153.57
179,2025-05-19,238.94
179,2025-06-02,147.34
179,2025-07-02,110.02
179,2025-08-07,207.41
179,2025-09-02,95.62
179,2025-10-01,284.58
179,2025-11-06,288.36
179,2025-12-03,190.52
180,2025-01-04,269.18
180,2025-02-09,191.82
180,2025-03-27,117.4
180,2025-04-03,136.86
180,2025-05-24,142.15
180,2025-06-03,190.31
180,2025-07-06,156.9
180,2025-08-17,159.92
180,2025-09-28,295.44
180,2025-10-26,193.17
180,2025-11-15,157.32
180,2025-12-23,140.2
181,2025-01-22,214.18
181,2025-02-04,230.69
181,2025-03-20,213.52
181,2025-04-11,247.05
181,2025-05-22,188.34
181,2025-06-28,219.37
181,2025-07-07,295.51
181,2025-08-20,227.56
181,2025-09-08,285.5
181,2025-10-23,207.86
181,2025-11-09,273.8
181,2025-12-19,83.11
182,2025-01-07,105.85
182,2025-02-15,282.32
182,2025-03-11,174.47
182,2025-04-27,134.48
182,2025-05-19,101.54
182,2025-06-06,192.16
182,2025-07-17,221.09
182,2025-08-24,208.37
182,2025-09-23,235.01
182,2025-10-01,105.73
182,2025-11-17,280.57
182,2025-12-14,255.37
183,2025-01-27,146.67
183,2025-02-08,283.12
183,2025-03-21,168.13
183,2025-04-22,236.6
183,2025-05-25,237.9
183,2025-06-10,120.71
183,2025-07-01,109.67
183,2025-08-20,166.52
183,2025-09-28,80.44
183,2025-10-26,280.18
183,2025-11-23,112.29
183,2025-12-28,85.34
184,2025-01-16,133.77
184,2025-02-01,201.53
184,2025-03-19,238.48
184,2025-04-11,126.68
184,2025-05-14,86.24
184,2025-06-05,104.74
184,2025-07-27,184.68
184,2025-08-21,229.3
184,2025-09-18,184.21
184,2025-10-25,144.96
184,2025-11-17,154.6
184,2025-12-02,126.8
185,2025-01-22,281.94
185,2025-02-18,124.86
185,2025-03-28,230.4
185,2025-04-28,246.47
185,2025-05-06,91.24
185,2025-06-23,79.15
185,2025-07-12,113.18
185,2025-08-22,132.71
185,2025-09-13,234.87
185,2025-10-10,280.7
185,2025-11-26,130.52
185,2025-12-03,140.61
186,2025-01-09,112.12
186,2025-02-26,182.34
186,2025-03-11,219.12
186,2025-04-09,117.01
186,2025-05-16,182.32
186,2025-06-13,216.79
186,2025-07-20,107.48
186,2025-08-23,191.06
186,2025-09-16,205.15
186,2025-10-07,260.76
186,2025-11-10,246.18
186,2025-12-14,287.74
187,2025-01-03,196.72
187,2025-02-21,257.43
187,2025-03-09,102.66
187,2025-04-01,288.0
187,2025-05-05,105.04
187,2025-06-18,299.19
187,2025-07-27,287.89
187,2025-08-11,267.96
187,2025-09-07,89.98
187,2025-10-22,266.99
187,2025-11-15,212.22
187,2025-12-26,276.98
188,2025-01-11,277.06
188,2025-02-19,104.7
188,2025-03-25,124.27
188,2025-04-02,81.44
188,2025-05-15,162.35
188,2025-06-17,276.69
188,2025-07-03,209.79
188,2025-08-14,187.47
188,2025-09-06,267.11
188,2025-10-12,172.48
188,2025-11-21,154.87
188,2025-12-23,134.72
189,2025-01-03,165.53
189,2025-02-05,226.61
189,2025-03-20,259.81
189,2025-04-21,94.24
189,2025-05-26,299.48
189,2025-06-28,264.65
189,2025-07-01,278.44
189,2025-08-05,97.12
189,2025-09-28,281.34
189,2025-10-16,180.09
189,2025-11-26,266.48
189,2025-12-16,91.93
190,2025-01-24,250.46
190,2025-02-01,210.93
190,2025-03-06,131.54
190,2025-04-22,253.85
190,2025-05-09,208.01
190,2025-06-04,234.68
190,2025-07-08,87.37
190,2025-08-21,195.86
190,2025-09-26,155.71
190,2025-10-03,256.2
190,2025-11-03,250.7
190,2025-12-11,142.24
191,2025-01-19,88.72
191,2025-02-28,283.3
191,2025-03-15,116.43
191,2025-04-06,114.29
191,2025-05-18,92.26
191,2025-06-17,232.86
191,2025-07-15,172.02
191,2025-08-05,300.6
191,2025-09-10,147.89
191,2025-10-28,186.53
191,2025-11-26,186.13
191,2025-12-26,148.21
192,2025-01-27,141.24
192,2025-02-10,176.33
192,2025-03-09,91.26
192,2025-04-02,151.17
192,2025-05-06,246.25
192,2025-06-25,173.84
192,2025-07-02,286.94
192,2025-08-22,260.43
192,2025-09-06,240.62
192,2025-10-20,254.84
192,2025-11-09,101.41
192,2025-12-07,271.65
193,2025-01-25,120.44
193,2025-02-20,276.5
193,2025-03-12,300.26
193,2025-04-20,117.09
193,2025-05-08,222.23
193,2025-06-12,136.3
193,2025-07-02,262.76
193,2025-08-10,142.27
193,2025-09-17,242.34
193,2025-10-25,163.71
193,2025-11-10,82.01
193,2025-12-18,241.91
194,2025-01-03,157.81
194,2025-02-27,149.15
194,2025-03-14,164.71
194,2025-04-27,80.1
194,2025-05-05,280.82
194,2025-06-27,234.83
194,2025-07-02,132.17
194,2025-08-23,182.26
194,2025-09-10,107.53
194,2025-10-09,157.81
194,2025-11-27,82.73
194,2025-12-05,123.56
195,2025-01-08,235.56
195,2025-02-23,219.07
195,2025-03-13,183.05
195,2025-04-21,249.24
195,2025-05-19,147.09
195,2025-06-11,104.99
195,2025-07-19,155.12
195,2025-08-15,81.19
195,2025-09-05,205.42
195,2025-10-13,145.56
195,2025-11-08,248.73
195,2025-12-10,145.04
196,2025-01-28,162.68
196,2025-02-06,157.08
196,2025-03-01,231.93
196,2025-04-09,216.57
196,2025-05-07,112.98
196,2025-06-26,124.31
196,2025-07-12,259.92
196,2025-08-06,221.87
196,2025-09-05,199.74
196,2025-10-25,183.23
196,2025-11-23,135.89
196,2025-12-23,95.91
197,2025-01-26,253.96
197,2025-02-25,150.73
197,2025-03-18,188.16
197,2025-04-08,215.57
197,2025-05-18,128.09
197,2025-06-27,227.0
197,2025-07-26,264.15
197,2025-08-10,133.62
197,2025-09-08,122.91
197,2025-10-27,88.34
197,2025-11-24,138.76
197,2025-12-16,298.06
198,2025-01-10,172.88
198,2025-02-12,152.56
198,2025-03-21,213.47
198,2025-04-02,293.32
198,2025-05-28,193.64
198,2025-06-14,260.79
198,2025-07-02,278.52
198,2025-08-09,279.94
198,2025-09-21,134.23
198,2025-10-22,140.36
198,2025-11-06,83.34
198,2025-12-02,302.99
199,2025-01-17,87.4
199,2025-02-28,106.13
199,2025-03-16,131.13
199,2025-04-27,218.27
199,2025-05-16,273.01
199,2025-06-06,92.01
199,2025-07-09,247.69
199,2025-08-03,187.24
199,2025-09-05,114.61
199,2025-10-25,256.5
199,2025-11-02,237.91
199,2025-12-03,192.83
200,2025-01-05,201.55
200,2025-02-01,87.04
200,2025-03-23,217.39
200,2025-04-21,207.77
200,2025-05-15,156.79
200,2025-06-24,143.64
200,2025-07-09,111.04
200,2025-08-10,92.21
200,2025-09-07,124.88
200,2025-10-03,120.94
200,2025-11-16,193.63
200,2025-12-26,225.05
201,2025-01-06,174.53
201,2025-02-09,115.48
201,2025-03-10,240.34
201,2025-04-08,145.6
201,2025-05-02,229.98
201,2025-06-07,254.6
201,2025-07-21,159.79
201,2025-08-03,111.78
201,2025-09-10,169.83
201,2025-10-09,76.69
201,2025-11-04,87.83
201,2025-12-21,251.8
202,2025-01-21,234.57
202,2025-02-23,208.2
202,2025-03-22,261.86
202,2025-04-09,185.9
202,2025-05-27,191.24
202,2025-06-08,138.09
202,2025-07-23,298.44
202,2025-08-10,77.92
202,2025-09-17,221.21
202,2025-10-26,135.95
202,2025-11-27,93.1
202,2025-12-15,277.56
203,2025-01-04,158.88
203,2025-02-03,157.99
203,2025-03-15,111.58
203,2025-04-14,111.79
203,2025-05-12,149.53
203,2025-06-01,118.77
203,2025-07-13,287.23
203,2025-08-13,161.63
203,2025-09-08,93.34
203,2025-10-07,152.37
203,2025-11-07,82.38
203,2025-12-20,194.99
204,2025-01-22,296.55
204,2025-02-15,111.21
204,2025-03-05,252.77
204,2025-04-01,150.61
204,2025-05-05,279.05
204,2025-06-25,171.23
204,2025-07-22,250.47
204,2025-08-02,207.05
204,2025-09-28,190.19
204,2025-10-05,269.17
204,2025-11-20,254.69
204,2025-12-25,266.84
205,2025-01-07,134.72
205,2025-02-01,193.38
205,2025-03-20,258.22
205,2025-04-01,102.9
205,2025-05-19,152.84
205,2025-06-06,186.71
205,2025-07-15,301.04
205,2025-08-13,278.27
205,2025-09-03,207.73
205,2025-10-23,90.77
205,2025-11-12,133.75
205,2025-12-09,141.09
206,2025-01-14,198.64
206,2025-02-12,91.89
206,2025-03-12,92.81
206,2025-04-19,134.43
206,2025-05-15,142.11
206,2025-06-19,117.53
206,2025-07-26,127.34
206,2025-08-18,227.47
206,2025-09-25,275.55
206,2025-10-05,209.19
206,2025-11-28,295.21
206,2025-12-20,224.37
207,2025-01-08,212.44
207,2025-02-18,93.05
207,2025-03-25,216.35
207,2025-04-03,281.96
207,2025-05-02,278.38
207,2025-06-15,133.2
207,2025-07-18,235.82
207,2025-08-16,112.77
207,2025-09-10,132.37
207,2025-10-18,145.43
207,2025-11-14,161.18
207,2025-12-19,252.17
208,2025-01-18,150.81
208,2025-02-08,124.07
208,2025-03-09,110.2
208,2025-04-13,188.95
208,2025-05-17,186.36
208,2025-06-04,110.88
208,2025-07-13,156.11
208,2025-08-19,80.56
208,2025-09-06,170.96
208,2025-10-11,112.42
208,2025-11-24,239.23
208,2025-12-06,101.05
209,2025-01-15,143.43
209,2025-02-16,259.11
209,2025-03-02,81.17
209,2025-04-09,295.87
209,2025-05-13,215.74
209,2025-06-16,279.82
209,2025-07-25,94.49
209,2025-08-20,248.94
209,2025-09-12,275.92
209,2025-10-07,167.33
209,2025-11-20,242.5
209,2025-12-01,142.47
210,2025-01-10,240.13
210,2025-02-23,254.7
210,2025-03-17,179.54
210,2025-04-10,258.2
210,2025-05-24,276.84
210,2025-06-16,108.64
210,2025-07-07,220.71
210,2025-08-13,212.55
210,2025-09-14,158.77
210,2025-10-08,290.84
210,2025-11-03,87.62
210,2025-12-20,287.33
211,2025-01-27,281.92
211,2025-02-17,251.48
211,2025-03-20,253.33
211,2025-04-02,188.1
211,2025-05-24,133.31
211,2025-06-22,200.4
211,2025-07-12,135.9
211,2025-08-28,170.57
211,2025-09-17,261.57
211,2025-10-28,208.03
211,2025-11-13,209.33
211,2025-12-12,215.67
212,2025-01-06,141.9
212,2025-02-10,260.06
212,2025-03-23,112.55
212,2025-04-18,191.21
212,2025-05-21,95.34
212,2025-06-01,227.48
212,2025-07-04,85.76
212,2025-08-15,128.37
212,2025-09-16,244.4
212,2025-10-08,170.47
212,2025-11-23,122.67
212,2025-12-27,217.48
213,2025-01-28,217.76
213,2025-02-09,126.62
213,2025-03-20,225.2
213,2025-04-17,103.14
213,2025-05-03,138.52
213,2025-06-15,110.69
213,2025-07-03,241.92
213,2025-08-20,149.31
213,2025-09-04,183.27
213,2025-10-22,120.73
213,2025-11-27,102.77
213,2025-12-16,143.41
214,2025-01-14,216.69
214,2025-02-23,229.52
214,2025-03-21,248.87
214,2025-04-27,173.55
214,2025-05-03,134.42
214,2025-06-05,186.74
214,2025-07-09,251.78
214,2025-08-01,201.3
214,2025-09-05,237.22
214,2025-10-14,260.91
214,2025-11-12,264.03
214,2025-12-15,126.33
215,2025-01-17,163.74
215,2025-02-21,288.92
215,2025-03-25,90.5
215,2025-04-27,114.13
215,2025-05-07,287.71
215,2025-06-05,89.2
215,2025-07-17,208.25
215,2025-08-10,195.8
215,2025-09-11,274.02
215,2025-10-14,88.92
215,2025-11-25,104.54
215,2025-12-10,246.96
216,2025-01-24,294.92
216,2025-02-11,127.01
216,2025-03-10,227.95
216,2025-04-08,124.73
216,2025-05-07,129.64
216,2025-06-14,233.08
216,2025-07-26,240.22
216,2025-08-21,105.39
216,2025-09-17,289.58
216,2025-10-22,215.1
216,2025-11-25,97.48
216,2025-12-13,268.89
217,2025-01-10,157.73
217,2025-02-09,87.65
217,2025-03-06,142.07
217,2025-04-27,186.56
217,2025-05-05,266.43
217,2025-06-19,111.89
217,2025-07-13,150.25
217,2025-08-17,199.35
217,2025-09-21,241.66
217,2025-10-12,256.9
217,2025-11-14,183.72
217,2025-12-11,80.13
218,2025-01-12,286.14
218,2025-02-18,286.55
218,2025-03-16,270.29
218,2025-04-06,259.41
218,2025-05-25,85.0
218,2025-06-23,173.19
218,2025-07-24,126.41
218,2025-08-11,273.27
218,2025-09-24,121.11
218,2025-10-25,264.48
218,2025-11-25,159.05
218,2025-12-12,136.05
219,2025-01-01,162.94
219,2025-02-24,192.85
219,2025-03-16,263.45
219,2025-04-06,200.73
219,2025-05-03,265.93
219,2025-06-02,151.37
219,2025-07-04,281.45
219,2025-08-23,162.71
219,2025-09-08,90.96
219,2025-10-27,220.38
219,2025-11-24,199.51
219,2025-12-12,228.41
220,2025-01-23,148.67
220,2025-02-18,269.03
220,2025-03-06,233.97
220,2025-04-07,109.05
220,2025-05-01,130.11
220,2025-06-28,204.39
220,2025-07-19,109.42
220,2025-08-11,187.15
220,2025-09-12,289.88
220,2025-10-21,184.55
220,2025-11-24,252.01
220,2025-12-03,280.05
221,2025-01-10,235.24
221,2025-02-15,79.63
221,2025-03-07,205.66
221,2025-04-22,153.89
221,2025-05-21,130.4
221,2025-06-20,224.6
221,2025-07-22,83.4
221,2025-08-23,173.35
221,2025-09-21,167.68
221,2025-10-05,225.91
221,2025-11-26,138.66
221,2025-12-07,248.35
222,2025-01-11,106.2
222,2025-02-24,79.27
222,2025-03-18,88.85
222,2025-04-15,185.33
222,2025-05-10,158.27
222,2025-06-08,186.23
222,2025-07-14,263.62
222,2025-08-18,291.14
222,2025-09-27,89.67
222,2025-10-11,290.82
222,2025-11-01,270.94
222,2025-12-12,147.0
223,2025-01-21,113.72
223,2025-02-05,138.93
223,2025-03-05,216.66
223,2025-04-12,110.98
223,2025-05-28,239.89
223,2025-06-21,196.05
223,2025-07-03,216.75
223,2025-08-17,242.08
223,2025-09-14,145.03
223,2025-10-26,113.16
223,2025-11-21,139.61
223,2025-12-26,224.18
224,2025-01-26,83.0
224,2025-02-04,216.82
224,2025-03-20,231.3
224,2025-04-03,90.94
224,2025-05-06,121.08
224,2025-06-22,206.08
224,2025-07-11,229.54
224,2025-08-12,102.92
224,2025-09-27,166.99
224,2025-10-18,292.39
224,2025-11-21,84.53
224,2025-12-05,112.54
225,2025-01-08,284.04
225,2025-02-13,123.23
225,2025-03-28,88.72
225,2025-04-06,99.09
225,2025-05-25,249.7
225,2025-06-02,175.58
225,2025-07-28,121.84
225,2025-08-07,240.18
225,2025-09-18,195.02
225,2025-10-03,185.77
225,2025-11-03,280.57
225,2025-12-28,124.47
226,2025-01-02,204.23
226,2025-02-07,219.94
226,2025-03-24,255.22
226,2025-04-03,284.57
226,2025-05-19,136.63
226,2025-06-02,276.5
226,2025-07-23,185.66
226,2025-08-06,86.66
226,2025-09-10,135.83
226,2025-10-19,241.04
226,2025-11-10,287.04
226,2025-12-22,279.47
227,2025-01-24,100.69
227,2025-02-14,182.89
227,2025-03-21,103.68
227,2025-04-27,169.0
227,2025-05-12,278.13
227,2025-06-17,261.77
227,2025-07-01,282.32
227,2025-08-22,164.42
227,2025-09-25,212.28
227,2025-10-27,102.52
227,2025-11-18,277.77
227,2025-12-19,112.36
228,2025-01-12,119.04
228,2025-02-22,248.16
228,2025-03-10,153.6
228,2025-04-13,295.25
228,2025-05-12,89.7
228,2025-06-03,87.15
228,2025-07-14,96.58
228,2025-08-26,148.7
228,2025-09-04,272.57
228,2025-10-02,166.21
228,2025-11-05,290.9
228,2025-12-28,243.31
229,2025-01-26,133.28
229,2025-02-22,274.9
229,2025-03-04,153.52
229,2025-04-23,241.29
229,2025-05-07,153.42
229,2025-06-21,259.78
229,2025-07-24,200.62
229,2025-08-04,106.98
229,2025-09-02,84.32
229,2025-10-12,198.77
229,2025-11-26,231.54
229,2025-12-28,280.69
230,2025-01-02,184.15
230,2025-02-15,169.0
230,2025-03-19,140.73
230,2025-04-25,134.76
230,2025-05-23,217.22
230,2025-06-14,95.61
230,2025-07-15,238.91
230,2025-08-16,299.4
230,2025-09-22,83.51
230,2025-10-26,190.67
230,2025-11-09,274.87
230,2025-12-01,186.71
231,2025-01-11,140.89
231,2025-02-14,213.93
231,2025-03-22,268.64
231,2025-04-18,254.32
231,2025-05-24,94.36
231,2025-06-13,94.22
231,2025-07-20,214.53
231,2025-08-09,158.74
231,2025-09-19,242.35
231,2025-10-14,123.53
231,2025-11-13,252.56
231,2025-12-26,170.14
232,2025-01-11,158.0
232,2025-02-15,225.1
232,2025-03-24,177.52
232,2025-04-22,120.27
232,2025-05-24,167.55
232,2025-06-20,212.72
232,2025-07-15,181.45
232,2025-08-06,202.98
232,2025-09-12,293.58
232,2025-10-03,238.36
232,2025-11-26,268.2
232,2025-12-01,141.15
233,2025-01-25,226.99
233,2025-02-14,146.82
233,2025-03-14,98.03
233,2025-04-07,261.31
233,2025-05-18,224.39
233,2025-06-23,113.28
233,2025-07-15,98.89
233,2025-08-26,132.83
233,2025-09-16,288.98
233,2025-10-14,195.2
233,2025-11-28,118.5
233,2025-12-28,122.52
234,2025-01-04,273.17
234,2025-02-07,99.63
234,2025-03-26,179.98
234,2025-04-28,206.78
234,2025-05-19,279.31
234,2025-06-07,248.48
234,2025-07-16,141.61
234,2025-08-09,178.31
234,2025-09-25,108.99
234,2025-10-12,246.26
234,2025-11-19,280.3
234,2025-12-22,138.69
235,2025-01-04,247.42
235,2025-02-11,108.24
235,2025-03-24,139.37
235,2025-04-21,146.93
235,2025-05-07,137.29
235,2025-06-18,89.42
235,2025-07-11,211.17
235,2025-08-15,148.8
235,2025-09-16,257.43
235,2025-10-26,149.18
235,2025-11-07,121.29
235,2025-12-23,188.44
236,2025-01-06,159.14
236,2025-02-04,189.71
236,2025-03-27,255.82
236,2025-04-26,264.9
236,2025-05-27,239.9
236,2025-06-06,130.65
236,2025-07-28,88.74
236,2025-08-26,93.91
236,2025-09-28,113.08
236,2025-10-14,289.56
236,2025-11-18,278.06
236,2025-12-13,187.07
237,2025-01-07,234.98
237,2025-02-04,287.17
237,2025-03-04,240.01
237,2025-04-03,146.92
237,2025-05-14,147.37
237,2025-06-04,252.72
237,2025-07-17,240.73
237,2025-08-15,200.86
237,2025-09-28,251.88
237,2025-10-11,137.65
237,2025-11-19,189.16
237,2025-12-08,133.3
238,2025-01-12,200.29
238,2025-02-03,272.49
238,2025-03-19,268.32
238,2025-04-02,273.28
238,2025-05-25,229.13
238,2025-06-13,191.0
238,2025-07-27,152.4
238,2025-08-12,105.65
238,2025-09-20,209.19
238,2025-10-06,111.95
238,2025-11-20,297.87
238,2025-12-11,233.37
239,2025-01-10,274.74
239,2025-02-04,234.63
239,2025-03-06,235.97
239,2025-04-02,215.66
239,2025-05-28,192.82
239,2025-06-23,85.57
239,2025-07-06,240.73
239,2025-08-20,185.57
239,2025-09-12,250.39
239,2025-10-06,228.27
239,2025-11-26,167.24
239,2025-12-24,116.1
240,2025-01-05,105.42
240,2025-02-20,202.87
240,2025-03-09,274.39
240,2025-04-17,197.06
240,2025-05-03,197.93
240,2025-06-06,223.38
240,2025-07-22,266.86
240,2025-08-06,253.48
240,2025-09-13,281.98
240,2025-10-12,148.04
240,2025-11-18,173.85
240,2025-12-05,100.04
241,2025-01-08,158.82
241,2025-02-01,227.34
241,2025-03-27,282.34
241,2025-04-22,268.17
241,2025-05-05,295.57
241,2025-06-13,161.38
241,2025-07-01,233.21
241,2025-08-05,203.9
241,2025-09-11,183.41
241,2025-10-03,145.0
241,2025-11-07,287.88
241,2025-12-21,246.22
242,2025-01-24,276.11
242,2025-02-20,234.87
242,2025-03-17,256.83
242,2025-04-06,227.08
242,2025-05-14,203.06
242,2025-06-01,177.26
242,2025-07-13,277.92
242,2025-08-02,84.3
242,2025-09-24,160.44
242,2025-10-13,167.2
242,2025-11-14,168.36
242,2025-12-22,111.72
243,2025-01-03,216.4
243,2025-02-22,291.38
243,2025-03-22,90.5
243,2025-04-26,125.01
243,2025-05-11,160.57
243,2025-06-24,102.43
243,2025-07-07,271.03
243,2025-08-17,178.48
243,2025-09-19,96.04
243,2025-10-23,146.69
243,2025-11-25,256.04
243,2025-12-17,141.51
244,2025-01-13,207.12
244,2025-02-16,92.18
244,2025-03-04,155.36
244,2025-04-20,95.5
244,2025-05-07,138.66
244,2025-06-06,161.24
244,2025-07-19,163.25
244,2025-08-05,189.17
244,2025-09-01,208.96
244,2025-10-12,189.19
244,2025-11-12,287.0
244,2025-12-27,299.69
245,2025-01-12,229.14
245,2025-02-22,135.18
245,2025-03-17,203.58
245,2025-04-03,229.06
245,2025-05-25,285.08
245,2025-06-20,187.59
245,2025-07-14,94.35
245,2025-08-08,124.6
245,2025-09-06,149.0
245,2025-10-16,136.51
245,2025-11-05,162.07
245,2025-12-24,95.47
246,2025-01-19,210.58
246,2025-02-26,231.0
246,2025-03-12,108.65
246,2025-04-17,271.45
246,2025-05-12,177.49
246,2025-06-11,103.03
246,2025-07-20,126.2
246,2025-08-17,189.58
246,2025-09-21,107.15
246,2025-10-04,130.11
246,2025-11-26,270.6
246,2025-12-27,159.49
247,2025-01-13,137.4
247,2025-02-22,118.5
247,2025-03-24,220.72
247,2025-04-16,295.23
247,2025-05-17,260.5
247,2025-06-07,165.98
247,2025-07-20,206.86
247,2025-08-19,274.26
247,2025-09-19,247.63
247,2025-10-09,194.38
247,2025-11-25,223.93
247,2025-12-26,170.93
248,2025-01-01,127.3
248,2025-02-01,229.25
248,2025-03-28,162.32
248,2025-04-16,111.69
248,2025-05-12,221.33
248,2025-06-20,84.34
248,2025-07-08,163.56
248,2025-08-05,158.08
248,2025-09-13,214.04
248,2025-10-08,207.78
248,2025-11-16,108.3
248,2025-12-08,133.37
249,2025-01-23,251.63
249,2025-02-03,271.67
249,2025-03-06,149.07
249,2025-04-15,237.35
249,2025-05-15,112.24
249,2025-06-21,201.22
249,2025-07-04,283.05
249,2025-08-13,206.24
249,2025-09-10,263.01
249,2025-10-22,131.4
249,2025-11-03,241.03
249,2025-12-05,209.02
250,2025-01-20,185.14
250,2025-02-17,281.34
250,2025-03-24,214.05
250,2025-04-27,215.13
250,2025-05-17,92.7
250,2025-06-25,291.88
250,2025-07-17,189.53
250,2025-08-21,259.52
250,2025-09-23,236.46
250,2025-10-15,178.05
250,2025-11-21,86.84
250,2025-12-11,89.6
